{
  "dataset": "Enron.csv",
  "n_train": 20106,
  "n_val": 3549,
  "n_test": 5914,
  "threshold": 0.4677097499370575,
  "metrics": {
    "test_auc_pr": 0.951603406296515,
    "test_roc_auc": 0.9549318270184415,
    "best_f1": 0.8824388462937679,
    "brier_score": 0.08081435708127548,
    "accuracy": 0.8911058505241799,
    "precision": 0.8879500367376929,
    "recall": 0.8769956458635704,
    "mcc": 0.7810809968201771,
    "false_positive_rate": 0.09658011399620013,
    "confusion_matrix": [
      [
        2853,
        305
      ],
      [
        339,
        2417
      ]
    ],
    "train_time_seconds": 98.39696440001717
  },
  "model_size_bytes": 8308737
}