{
  "dataset": "Enron.csv",
  "n_train": 20106,
  "n_val": 3549,
  "n_test": 5914,
  "threshold": 0.5335263013839722,
  "metrics": {
    "test_auc_pr": 0.951590951771055,
    "test_roc_auc": 0.9551823599106928,
    "best_f1": 0.8830398517140509,
    "brier_score": 0.08073075478281237,
    "accuracy": 0.8933040243490024,
    "precision": 0.9026146267525578,
    "recall": 0.8642960812772134,
    "mcc": 0.7856609930263572,
    "false_positive_rate": 0.08138062064597847,
    "confusion_matrix": [
      [
        2901,
        257
      ],
      [
        374,
        2382
      ]
    ],
    "train_time_seconds": 25.92948950000573
  },
  "model_size_bytes": 7389216,
  "xgb_model_size_bytes": 7349776
}