{
  "dataset": "Enron.csv",
  "n_train": 20697,
  "n_val": 4436,
  "n_test": 4436,
  "threshold": 0.5652543306350708,
  "metrics": {
    "test_auc_pr": 0.9512414393604082,
    "test_roc_auc": 0.9533183723073574,
    "best_f1": 0.87962037961988,
    "brier_score": 0.08387458643314027,
    "accuracy": 0.8913435527502255,
    "precision": 0.909137842023748,
    "recall": 0.8519593613933236,
    "mcc": 0.7821646272038961,
    "false_positive_rate": 0.07429295061207261,
    "confusion_matrix": [
      [
        2193,
        176
      ],
      [
        306,
        1761
      ]
    ],
    "train_time_seconds": 53.87993739999365
  },
  "model_size_bytes": 9798602,
  "xgb_model_size_bytes": 9754950
}